inventario_id,data_rilevazione,prodotto,categoria,ubicazione,qty_teorica,qty_fisica,unita_misura,valore_unitario,valore_totale_eur,operatore,note_rettifica
70001,31/01/2023,Filetto manzo,Carni,Cella Pesce,3.917,3.917,kg,,,operatore,
70002,31/01/2023,Costata di manzo,Carni,Surgelati,3.153,3.153,kg,,,,verificato
70003,31/01/2023,Pollo petto,Carni,Bancone,9.732,8.935,kg,8.9051,79.57,ANNA,
70004,31/01/2023,BRANZINO,Pesce,Cella Pesce,1.993,2.141,kg,18.3269,39.24,ANNA,
70005,31/01/2023,Salmone fresco,Pesce,Cella Pesce,6.088,6.088,kg,15.9959,97.38,ANNA,
70006,31/01/2023,Vongole,Pesce,DISPENSA,3.063,3.063,kg,9.8004,30.02,,
70007,31/01/2023,Porcini fr.,Funghi,Dispensa,1.434,2.091,kg,49.9615,104.47,mario.r,scarico non registrato
70008,31/01/2023,Pomodorini,Verdure,cella 1,4.904,6.436,kg,3.5779,23.03,MARIO,scarico non registrato
70009,31/01/2023,Rucola,Verdure,Dispensa,0.375,0.357,kg,4.2797,1.53,mario.r,
70010,31/01/2023,Uova 30pz,Latticini,cella 1,10.484,10.484,cassa,8.1599,85.55,,
70011,31/01/2023,Burrata,Latticini,DISPENSA,5.176,5.176,pz,2.8531,14.77,ANNA,verificato
70012,31/01/2023,Parmigiano 24m,Latticini,Cella Carne,6.491,6.716,kg,17.8424,119.83,ADM,verificato
70013,31/01/2023,Latte fresco 1L,Latticini,DISPENSA,19.394,,l,1.2099,23.46,operatore,
70014,31/01/2023,Panna fresca,Latticini,Bancone,3.716,3.716,lt,2.4245,9.01,Luigi B.,verificato
70015,31/01/2023,Farina 00 kg,Secchi,Cella Carne,28.785,26.473,kg,0.8271,21.9,Luigi B.,
70016,31/01/2023,Riso Carnaroli,Secchi,Cantina,18.175,18.175,kg,3.2626,59.3,,
70017,31/01/2023,Pasta tagliatelle,Secchi,DISPENSA,4.114,4.114,kg,2.0409,8.4,MARIO,
70018,31/01/2023,Chianti DOCG bt,Vini,DISPENSA,36.107,36.88,bt,6.5353,241.02,ADM,
70019,31/01/2023,Tignanello,Vini,Bancone,14.207,15.11,bt,75.2202,1136.58,operatore,
70020,31/01/2023,Prosecco,Vini,DISPENSA,20.365,20.365,bt,4.4152,89.92,ANNA,
70021,31/01/2023,Acqua nat 1L,Bevande,Cantina,77.497,77.497,pz,,,ANNA,
70022,2023-01-31,Olio EVO lt,Condimenti,Surgelati,4.718,4.718,l,9.768,46.09,Luigi B.,
70023,31/01/2023,Sale fino,Condimenti,Cantina,2.325,2.895,kg,0.3644,1.05,ADM,merce non consegnata
70024,31/01/2023,Caffe miscela,Bevande,Surgelati,5.55,5.55,kg,12.5208,69.49,ANNA,
70025,28/02/2023,Filetto manzo,Carni,DISPENSA,6.789,7.366,kg,41.572,306.22,,
70026,28/02/2023,Costata di manzo,Carni,magazzino,5.341,6.686,kg,0.28,1.87,,merce non consegnata
70027,28/02/2023,Pollo petto,Carni,DISPENSA,5.584,5.584,kg,7.6279,42.59,ADM,ok
70028,28/02/2023,BRANZINO,Pesce,cella 1,4.993,4.993,kg,18.2543,91.14,MARIO,
70029,28/02/2023,Salmone fresco,Pesce,Cella Carne,1.137,1.24,kg,15.4025,19.1,operatore,
70030,28/02/2023,Vongole,Pesce,Cantina,0.529,0.529,kg,8.6134,4.56,ANNA,
70031,28/02/2023,Porcini fr.,Funghi,Bancone,2.412,2.412,kg,48.892,117.93,mario.r,
70032,28/02/2023,Pomodorini,Verdure,Bancone,2.009,,kg,3.4152,6.86,MARIO,ok
70033,28/02/2023,Rucola,Verdure,DISPENSA,1.361,1.361,kg,4.0896,5.57,MARIO,
70034,28/02/2023,Uova 30pz,Latticini,cella 1,4.211,,cassa,7.7384,32.59,MARIO,
70035,28/02/2023,Burrata,,Cella Carne,23.75,23.86,pz,2.4833,59.25,MARIO,
70036,28/02/2023,Parmigiano 24m,Latticini,DISPENSA,2.698,2.668,kg,,,Luigi B.,
70037,28/02/2023,Latte fresco 1L,Latticini,cella 1,8.079,8.079,l,1.2116,9.79,operatore,
70038,28/02/2023,Panna fresca,Latticini,magazzino,8.653,8.653,lt,0.02,0.17,MARIO,ok
70039,28/02/2023,Farina 00 kg,Secchi,Dispensa,17.221,17.221,kg,0.7637,13.15,ANNA,
70040,28/02/2023,Riso Carnaroli,,Surgelati,16.135,17.533,kg,3.075,53.91,mario.r,
70041,28/02/2023,Pasta tagliatelle,Secchi,Cella Carne,7.905,8.466,kg,1.8707,15.84,ADM,ok
70042,28/02/2023,Chianti DOCG bt,Vini,Dispensa,24.968,24.968,bt,6.6656,166.43,mario.r,
70043,28/02/2023,Tignanello,Vini,Cella Pesce,11.035,11.035,bt,70.5609,778.64,ADM,
70044,28/02/2023,Prosecco,Vini,DISPENSA,40.366,,bt,5.3343,215.32,operatore,
70045,28/02/2023,Acqua nat 1L,Bevande,Bancone,26.577,26.581,pz,0.3637,9.67,Luigi B.,ok
70046,28/02/2023,Olio EVO lt,Condimenti,Dispensa,7.755,7.755,l,8.5835,66.57,,
70047,28/02/2023,Sale fino,Condimenti,Cella Pesce,1.338,1.338,kg,0.3904,0.52,mario.r,ok
70048,28/02/2023,Caffe miscela,Bevande,Bancone,5.042,8.224,kg,12.7428,104.8,MARIO,furto/spreco
70049,28/03/2023,Filetto manzo,Carni,Bar,5.722,5.722,kg,40.0954,229.43,MARIO,
70050,28/03/2023,Costata di manzo,Carni,magazzino,7.246,7.246,kg,24.6939,178.93,ANNA,
70051,28/03/2023,Pollo petto,Carni,Cantina,4.201,4.201,kg,8.2833,34.8,ADM,ok
70052,28/03/2023,BRANZINO,,Cantina,1.693,2.664,kg,20.1529,53.69,MARIO,prodotto scaduto eliminato
70053,28/03/2023,Salmone fresco,Pesce,Bancone,1.602,1.479,kg,14.5288,21.49,Luigi B.,
70054,28/03/2023,Vongole,Pesce,Cella Carne,3.278,3.278,kg,9.5446,31.29,ADM,
70055,28/03/2023,Porcini fr.,Funghi,Cella Carne,2.458,2.458,kg,47.5142,116.79,ADM,ok
70056,28/03/2023,Pomodorini,Verdure,Dispensa,6.646,6.646,kg,3.5153,23.36,,ok
70057,28/03/2023,Rucola,Verdure,Surgelati,1.957,1.957,kg,4.4728,8.75,ANNA,verificato
70058,28/03/2023,Uova 30pz,Latticini,DISPENSA,1.986,2.083,cassa,9.139,19.04,mario.r,
70059,2023-03-28,Burrata,Latticini,Bancone,22.762,21.612,pz,2.5519,55.15,operatore,ok
70060,28/03/2023,Parmigiano 24m,Latticini,Bar,7.871,7.871,kg,15.3463,120.79,mario.r,
70061,28/03/2023,Latte fresco 1L,Latticini,Cella Pesce,10.789,10.789,l,1.1767,12.7,MARIO,
70062,28/03/2023,Panna fresca,Latticini,Bancone,3.392,3.392,lt,2.2287,7.56,,
70063,28/03/2023,Farina 00 kg,Secchi,magazzino,19.722,19.722,kg,0.8698,17.15,ANNA,ok
70064,28/03/2023,Riso Carnaroli,Secchi,Cantina,6.868,9.506,kg,3.2374,30.77,ANNA,
70065,28/03/2023,Pasta tagliatelle,Secchi,Bancone,7.772,8.441,kg,2.0109,16.97,operatore,
70066,28/03/2023,Chianti DOCG bt,Vini,Surgelati,29.201,29.697,bt,6.2581,185.85,mario.r,
70067,28/03/2023,Tignanello,Vini,Bar,4.554,4.554,bt,67.5741,307.73,operatore,
70068,28/03/2023,Prosecco,Vini,Surgelati,5.543,5.439,bt,5.0511,27.47,operatore,
70069,2023-03-28,Acqua nat 1L,Bevande,DISPENSA,96.173,96.173,pz,0.3638,34.99,,
70070,28/03/2023,Olio EVO lt,Condimenti,cella 1,11.839,11.839,l,7.7068,91.24,ADM,ok
70071,28/03/2023,Sale fino,Condimenti,magazzino,5.953,6.204,kg,0.3693,2.29,ANNA,
70072,28/03/2023,Caffe miscela,Bevande,magazzino,9.936,9.936,kg,15.0722,149.76,MARIO,verificato
70073,28/04/2023,Filetto manzo,Carni,Cella Carne,2.446,2.68,kg,39.7915,106.64,mario.r,
70074,28/04/2023,Costata di manzo,Carni,Cantina,2.98,2.98,kg,28.396,84.62,ANNA,
70075,28/04/2023,Pollo petto,Carni,cella 1,1.249,1.249,kg,7.9385,9.92,MARIO,ok
70076,28/04/2023,BRANZINO,Pesce,Dispensa,1.198,1.162,kg,,,MARIO,ok
70077,28/04/2023,Salmone fresco,Pesce,Cella Pesce,6.593,6.593,kg,14.71,96.98,Luigi B.,ok
70078,28/04/2023,Vongole,,Dispensa,1.87,1.87,kg,9.0442,16.91,ANNA,
70079,28/04/2023,Porcini fr.,Funghi,Bancone,0.524,0.476,kg,42.5875,20.27,ANNA,
70080,28/04/2023,Pomodorini,,magazzino,7.134,7.134,kg,3.3764,24.09,ANNA,ok
70081,28/04/2023,Rucola,Verdure,Bancone,0.322,0.322,kg,3.5484,1.14,operatore,
70082,28/04/2023,Uova 30pz,Latticini,Surgelati,9.32,9.32,cassa,8.4401,78.66,Luigi B.,ok
70083,28/04/2023,Burrata,Latticini,Surgelati,8.527,8.268,pz,2.5874,21.39,operatore,
70084,28/04/2023,Parmigiano 24m,,DISPENSA,6.029,6.016,kg,16.4069,98.7,Luigi B.,
70085,28/04/2023,Latte fresco 1L,Latticini,Dispensa,23.908,22.475,l,1.1604,26.08,ADM,
70086,28/04/2023,Panna fresca,Latticini,magazzino,7.18,7.18,lt,2.4963,17.92,ADM,
70087,28/04/2023,Farina 00 kg,Secchi,Cella Carne,24.701,22.6,kg,0.9087,20.54,ADM,
70088,28/04/2023,Riso Carnaroli,Secchi,Dispensa,4.199,4.199,kg,3.5947,15.09,ANNA,verificato
70089,28/04/2023,Pasta tagliatelle,Secchi,Cella Pesce,3.257,3.51,kg,2.3996,8.42,ADM,
70090,28/04/2023,Chianti DOCG bt,Vini,Cella Carne,37.539,37.972,bt,6.4168,243.66,ANNA,
70091,28/04/2023,Tignanello,Vini,DISPENSA,2.982,2.982,bt,71.6559,213.68,,
70092,28/04/2023,Prosecco,Vini,Cella Pesce,40.405,47.153,bt,5.13,241.89,Luigi B.,da verificare
70093,28/04/2023,Acqua nat 1L,Bevande,Cella Pesce,73.07,73.07,pz,0.3544,25.9,ANNA,ok
70094,28/04/2023,Olio EVO lt,Condimenti,Dispensa,8.766,8.766,l,8.8052,77.19,,verificato
70095,28/04/2023,Sale fino,Condimenti,Dispensa,6.24,6.337,kg,0.381,2.41,,
70096,28/04/2023,Caffe miscela,,Cella Carne,2.49,2.49,kg,1400.0,3486.0,operatore,
70097,28/05/2023,Filetto manzo,Carni,DISPENSA,6.048,6.048,kg,42.445,256.71,Luigi B.,ok
70098,28/05/2023,Costata di manzo,Carni,DISPENSA,2.236,2.036,kg,28.0312,57.07,Luigi B.,
70099,28/05/2023,Pollo petto,Carni,Bar,9.866,9.866,kg,9.4109,92.85,mario.r,
70100,28/05/2023,BRANZINO,Pesce,Surgelati,1.1,1.1,kg,19.3656,21.3,MARIO,
70101,28/05/2023,Salmone fresco,Pesce,Bancone,1.905,1.905,kg,14.327,27.29,ADM,
70102,28/05/2023,Vongole,Pesce,Cella Pesce,3.567,3.882,kg,10.3472,40.17,mario.r,verificato
70103,28/05/2023,Porcini fr.,Funghi,Cella Pesce,1.895,1.742,kg,49.3854,86.03,mario.r,
70104,28/05/2023,Pomodorini,Verdure,Bar,5.16,5.209,kg,3.6116,18.81,Luigi B.,ok
70105,28/05/2023,Rucola,Verdure,Bancone,1.233,1.233,kg,3.8646,4.77,ADM,
70106,28/05/2023,Uova 30pz,Latticini,cella 1,1.992,,cassa,7.7566,15.45,Luigi B.,
70107,2023-05-28,Burrata,Latticini,Cantina,18.16,18.843,pz,3.0071,56.66,MARIO,ok
70108,28/05/2023,Parmigiano 24m,Latticini,Dispensa,7.756,13.347,kg,15.7796,210.61,,prodotto scaduto eliminato
70109,28/05/2023,Latte fresco 1L,Latticini,magazzino,19.737,19.737,l,1.0141,20.02,,
70110,28/05/2023,Panna fresca,Latticini,cella 1,4.8,4.54,lt,2.5095,11.39,operatore,
70111,28/05/2023,Farina 00 kg,Secchi,Cella Carne,24.167,24.167,kg,0.9437,22.81,mario.r,verificato
70112,28/05/2023,Riso Carnaroli,Secchi,DISPENSA,13.171,13.171,kg,3.3683,44.36,operatore,
70113,28/05/2023,Pasta tagliatelle,Secchi,Surgelati,6.477,5.873,kg,2.1131,12.41,Luigi B.,
70114,28/05/2023,Chianti DOCG bt,Vini,Bancone,58.348,58.348,bt,7.058,411.82,Luigi B.,
70115,28/05/2023,Tignanello,Vini,Cella Carne,4.754,4.754,bt,0.75,3.57,Luigi B.,
70116,28/05/2023,Prosecco,Vini,Cella Pesce,29.045,30.212,bt,5.0931,153.87,ANNA,
70117,28/05/2023,Acqua nat 1L,Bevande,Cella Carne,117.359,117.359,pz,0.3771,44.26,MARIO,
70118,28/05/2023,Olio EVO lt,Condimenti,Dispensa,7.749,8.498,l,7.9886,67.89,,
70119,28/05/2023,Sale fino,Condimenti,Dispensa,2.523,1.863,kg,0.3806,0.71,,furto/spreco
70120,28/05/2023,Caffe miscela,Bevande,Dispensa,8.527,8.527,kg,,,operatore,
70121,28/06/2023,Filetto manzo,Carni,Cella Pesce,4.736,4.879,kg,36.4068,177.63,mario.r,
70122,28/06/2023,Costata di manzo,Carni,Bar,2.949,2.949,kg,27.3106,80.54,ANNA,verificato
70123,28/06/2023,Pollo petto,Carni,magazzino,4.753,4.753,kg,8.0263,38.15,mario.r,
70124,28/06/2023,BRANZINO,Pesce,cella 1,4.159,4.558,kg,17.9919,82.01,ADM,
70125,28/06/2023,Salmone fresco,Pesce,Cella Carne,4.862,4.862,kg,13.8187,67.19,Luigi B.,
70126,28/06/2023,Vongole,Pesce,Cantina,2.372,,kg,8.5182,20.21,Luigi B.,
70127,28/06/2023,Porcini fr.,Funghi,Bar,2.384,2.384,kg,48.6693,116.03,ADM,ok
70128,28/06/2023,Pomodorini,Verdure,Cantina,5.79,5.77,kg,3.2196,18.58,operatore,
70129,28/06/2023,Rucola,Verdure,Cella Pesce,0.51,0.81,kg,3.7272,3.02,MARIO,errore conteggio
70130,28/06/2023,Uova 30pz,Latticini,Dispensa,10.435,11.231,cassa,7.9496,89.28,ANNA,verificato
70131,28/06/2023,Burrata,Latticini,magazzino,20.816,20.816,pz,2.5926,53.97,,
70132,28/06/2023,Parmigiano 24m,Latticini,Dispensa,4.258,4.258,kg,17.2822,73.59,Luigi B.,ok
70133,28/06/2023,Latte fresco 1L,Latticini,Surgelati,8.664,8.664,l,1.123,9.73,,
70134,28/06/2023,Panna fresca,Latticini,magazzino,2.774,,lt,2.4203,6.71,Luigi B.,
70135,28/06/2023,Farina 00 kg,Secchi,Surgelati,26.175,24.597,kg,0.8794,21.63,ANNA,
70136,28/06/2023,Riso Carnaroli,Secchi,Cella Carne,5.995,5.995,kg,2.9541,17.71,MARIO,
70137,28/06/2023,Pasta tagliatelle,Secchi,magazzino,3.745,3.745,kg,1.8738,7.02,ADM,
70138,28/06/2023,Chianti DOCG bt,Vini,Cantina,39.695,39.695,bt,7.0497,279.84,ANNA,ok
70139,28/06/2023,Tignanello,Vini,Cella Pesce,12.44,13.4,bt,83.9193,1124.52,ADM,verificato
70140,28/06/2023,Prosecco,Vini,Cantina,35.362,35.362,bt,5.4121,191.38,operatore,
70141,2023-06-28,Acqua nat 1L,Bevande,magazzino,103.902,106.597,pz,0.3508,37.39,ANNA,
70142,28/06/2023,Olio EVO lt,Condimenti,Bancone,9.395,9.527,l,9.4767,90.28,Luigi B.,
70143,28/06/2023,Sale fino,Condimenti,Bancone,7.324,,kg,0.4141,3.03,ADM,ok
70144,28/06/2023,Caffe miscela,Bevande,magazzino,6.133,6.133,kg,14.4458,88.6,ADM,
70145,28/07/2023,Filetto manzo,Carni,magazzino,6.495,6.495,kg,37.3619,242.67,ADM,
70146,28/07/2023,Costata di manzo,Carni,cella 1,3.459,3.459,kg,,,,
70147,28/07/2023,Pollo petto,Carni,Surgelati,2.795,2.693,kg,8.8583,23.86,operatore,ok
70148,28/07/2023,BRANZINO,Pesce,Cella Carne,2.968,2.763,kg,16.1985,44.76,mario.r,ok
70149,28/07/2023,Salmone fresco,Pesce,magazzino,5.915,5.391,kg,14.3676,77.46,Luigi B.,ok
70150,28/07/2023,Vongole,Pesce,DISPENSA,1.126,1.126,kg,8.156,9.18,,
70151,28/07/2023,Porcini fr.,Funghi,Bancone,1.487,1.487,kg,46.0122,68.42,ANNA,
70152,2023-07-28,Pomodorini,Verdure,cella 1,6.123,6.123,kg,2.9503,18.06,ADM,ok
70153,2023-07-28,Rucola,Verdure,Bancone,0.52,0.52,kg,3.9355,2.05,MARIO,
70154,28/07/2023,Uova 30pz,Latticini,Surgelati,2.002,2.002,cassa,7.9552,15.93,mario.r,
70155,28/07/2023,Burrata,Latticini,magazzino,3.924,3.543,pz,2.7738,9.83,,
70156,28/07/2023,Parmigiano 24m,Latticini,Cella Carne,2.086,1.937,kg,17.0193,32.97,operatore,ok
70157,28/07/2023,Latte fresco 1L,,Cella Pesce,22.418,22.871,l,1.1357,25.97,ADM,
70158,28/07/2023,Panna fresca,Latticini,Bar,11.238,11.238,lt,2.4979,28.07,Luigi B.,
70159,28/07/2023,Farina 00 kg,Secchi,Cella Carne,25.287,35.082,kg,,,MARIO,
70160,2023-07-28,Riso Carnaroli,Secchi,Surgelati,19.58,15.882,kg,3.5685,56.67,mario.r,da verificare
70161,28/07/2023,Pasta tagliatelle,Secchi,Cella Pesce,12.364,20.975,kg,1.8988,39.83,ADM,scarico non registrato
70162,28/07/2023,Chianti DOCG bt,Vini,Surgelati,59.082,59.082,bt,6.379,376.88,MARIO,
70163,28/07/2023,Tignanello,Vini,cella 1,2.723,1.091,bt,76.8033,83.79,ADM,furto/spreco
70164,28/07/2023,Prosecco,Vini,cella 1,33.442,33.598,bt,4.5999,154.55,MARIO,
70165,28/07/2023,Acqua nat 1L,Bevande,Cella Pesce,75.665,,pz,0.3311,25.05,operatore,
70166,2023-07-28,Olio EVO lt,Condimenti,magazzino,3.696,3.696,l,7.6822,28.39,Luigi B.,
70167,28/07/2023,Sale fino,Condimenti,DISPENSA,1.184,1.184,kg,0.4489,0.53,ADM,ok
70168,28/07/2023,Caffe miscela,Bevande,Bancone,9.956,10.783,kg,15.2586,164.53,ADM,
70169,28/08/2023,Filetto manzo,Carni,Surgelati,2.025,1.971,kg,39.8974,78.64,Luigi B.,
70170,28/08/2023,Costata di manzo,Carni,Surgelati,9.068,9.687,kg,27.3362,264.81,ANNA,
70171,28/08/2023,Pollo petto,Carni,Dispensa,3.577,,kg,8.5157,30.46,MARIO,
70172,28/08/2023,BRANZINO,Pesce,Bancone,4.951,,kg,18.6032,92.1,Luigi B.,
70173,28/08/2023,Salmone fresco,Pesce,Surgelati,4.008,4.008,kg,15.7778,63.24,Luigi B.,
70174,28/08/2023,Vongole,Pesce,cella 1,3.525,3.864,kg,7.9394,30.68,Luigi B.,
70175,28/08/2023,Porcini fr.,Funghi,DISPENSA,0.907,0.944,kg,47.9245,45.24,MARIO,
70176,28/08/2023,Pomodorini,Verdure,DISPENSA,2.565,4.514,kg,3.2127,14.5,ADM,
70177,28/08/2023,Rucola,Verdure,Dispensa,1.305,,kg,4.0678,5.31,ADM,
70178,28/08/2023,Uova 30pz,Latticini,DISPENSA,6.164,,cassa,8.1973,50.53,,
70179,28/08/2023,Burrata,Latticini,Cella Pesce,15.8,,pz,,,mario.r,
70180,2023-08-28,Parmigiano 24m,Latticini,Cella Carne,3.08,2.974,kg,14.956,44.48,ADM,
70181,28/08/2023,Latte fresco 1L,Latticini,Cella Carne,17.577,,l,1.0077,17.71,operatore,
70182,28/08/2023,Panna fresca,Latticini,Cella Carne,11.334,11.334,lt,2.3175,26.27,ANNA,verificato
70183,28/08/2023,Farina 00 kg,Secchi,Cella Pesce,37.603,35.222,kg,0.7487,26.37,ANNA,
70184,28/08/2023,Riso Carnaroli,Secchi,Cantina,17.767,16.441,kg,3.6383,59.82,MARIO,
70185,28/08/2023,Pasta tagliatelle,Secchi,Cantina,4.586,4.586,kg,2.0908,9.59,ADM,ok
70186,28/08/2023,Chianti DOCG bt,Vini,Cella Carne,50.804,52.241,bt,6.363,332.41,operatore,
70187,28/08/2023,Tignanello,Vini,Surgelati,8.038,8.038,bt,68.3906,549.72,operatore,
70188,28/08/2023,Prosecco,Vini,Cantina,23.002,24.107,bt,5.3394,128.72,operatore,
70189,28/08/2023,Acqua nat 1L,Bevande,Bancone,96.221,96.221,pz,0.3649,35.11,MARIO,
70190,28/08/2023,Olio EVO lt,Condimenti,Surgelati,7.324,7.324,l,9.0672,66.41,,
70191,28/08/2023,Sale fino,Condimenti,cella 1,5.826,5.826,kg,0.3594,2.09,,verificato
70192,28/08/2023,Caffe miscela,Bevande,cella 1,7.766,7.766,kg,,,MARIO,
70193,28/09/2023,Filetto manzo,Carni,Surgelati,4.223,3.826,kg,39.3046,150.38,operatore,
70194,28/09/2023,Costata di manzo,Carni,Cella Pesce,10.727,10.727,kg,26.7934,287.41,Luigi B.,ok
70195,28/09/2023,Pollo petto,,cella 1,8.338,8.338,kg,9.0725,75.65,mario.r,verificato
70196,28/09/2023,BRANZINO,Pesce,cella 1,4.498,4.498,kg,17.1255,77.03,mario.r,
70197,28/09/2023,Salmone fresco,Pesce,Bar,4.987,4.856,kg,13.3396,64.78,mario.r,ok
70198,28/09/2023,Vongole,Pesce,magazzino,3.622,3.622,kg,9.3051,33.7,Luigi B.,
70199,28/09/2023,Porcini fr.,Funghi,Cella Pesce,0.849,0.778,kg,42.1889,32.82,ANNA,
70200,28/09/2023,Pomodorini,Verdure,cella 1,1.707,1.707,kg,2.8623,4.89,ANNA,ok
70201,28/09/2023,Rucola,Verdure,cella 1,1.651,1.651,kg,3.9373,6.5,operatore,
70202,28/09/2023,Uova 30pz,Latticini,Cantina,3.295,3.838,cassa,7.4738,28.68,operatore,merce non consegnata
70203,28/09/2023,Burrata,Latticini,cella 1,20.097,36.029,pz,3.1962,115.16,mario.r,scarico non registrato
70204,28/09/2023,Parmigiano 24m,Latticini,Bancone,6.588,6.588,kg,14.8629,97.92,,
70205,2023-09-28,Latte fresco 1L,Latticini,Cella Pesce,9.065,9.589,l,1.0117,9.7,ADM,ok
70206,28/09/2023,Panna fresca,Latticini,magazzino,3.148,,lt,,,operatore,
70207,28/09/2023,Farina 00 kg,Secchi,cella 1,25.501,25.501,kg,0.8652,22.06,ADM,
70208,28/09/2023,Riso Carnaroli,Secchi,Dispensa,14.972,,kg,2.8565,42.77,,
70209,28/09/2023,Pasta tagliatelle,Secchi,Cella Pesce,11.688,11.688,kg,2.2679,26.51,ADM,
70210,2023-09-28,Chianti DOCG bt,Vini,cella 1,56.003,56.003,bt,5.9418,332.76,MARIO,verificato
70211,28/09/2023,Tignanello,Vini,Cella Carne,11.438,10.901,bt,,,mario.r,
70212,28/09/2023,Prosecco,Vini,DISPENSA,7.709,10.878,bt,5.3489,58.19,mario.r,errore conteggio
70213,28/09/2023,Acqua nat 1L,Bevande,Cantina,48.0,48.0,pz,0.3735,17.93,MARIO,
70214,28/09/2023,Olio EVO lt,Condimenti,Cella Carne,11.678,,l,7.4808,87.36,MARIO,
70215,28/09/2023,Sale fino,Condimenti,Cella Carne,0.957,1.577,kg,0.4053,0.64,MARIO,scarico non registrato
70216,28/09/2023,Caffe miscela,Bevande,cella 1,9.152,9.152,kg,13.4034,122.67,mario.r,verificato
70217,28/10/2023,Filetto manzo,Carni,Surgelati,7.341,8.935,kg,42.2874,377.84,,furto/spreco
70218,28/10/2023,Costata di manzo,Carni,Bar,10.123,17.966,kg,28.6553,514.82,,scarico non registrato
70219,28/10/2023,Pollo petto,Carni,magazzino,9.194,,kg,8.8032,80.94,ADM,
70220,28/10/2023,BRANZINO,Pesce,Surgelati,0.866,0.866,kg,17.0868,14.8,operatore,
70221,28/10/2023,Salmone fresco,Pesce,Surgelati,7.154,3.829,kg,,,MARIO,furto/spreco
70222,28/10/2023,Vongole,Pesce,DISPENSA,2.771,,kg,,,mario.r,ok
70223,28/10/2023,Porcini fr.,Funghi,Cantina,2.155,,kg,42.8963,92.44,Luigi B.,
70224,28/10/2023,Pomodorini,Verdure,Cella Carne,6.931,6.931,kg,3.1994,22.18,ANNA,
70225,28/10/2023,Rucola,Verdure,Cella Pesce,0.445,0.445,kg,3.8134,1.7,Luigi B.,
70226,28/10/2023,Uova 30pz,Latticini,Cella Pesce,6.47,6.47,cassa,8.5116,55.07,Luigi B.,
70227,28/10/2023,Burrata,Latticini,Bancone,9.029,8.346,pz,3.075,25.66,mario.r,ok
70228,28/10/2023,Parmigiano 24m,Latticini,Cantina,8.371,8.371,kg,18.5243,155.07,ADM,
70229,28/10/2023,Latte fresco 1L,Latticini,DISPENSA,9.653,9.653,l,1.0079,9.73,,verificato
70230,28/10/2023,Panna fresca,Latticini,magazzino,4.408,,lt,2.7427,12.09,mario.r,ok
70231,28/10/2023,Farina 00 kg,Secchi,magazzino,11.819,11.819,kg,0.8001,9.46,ANNA,verificato
70232,28/10/2023,Riso Carnaroli,Secchi,magazzino,15.969,15.969,kg,3.1593,50.45,operatore,
70233,28/10/2023,Pasta tagliatelle,Secchi,Bar,10.66,10.66,kg,2.1466,22.88,mario.r,ok
70234,28/10/2023,Chianti DOCG bt,Vini,Surgelati,27.327,27.327,bt,6.7554,184.6,Luigi B.,verificato
70235,28/10/2023,Tignanello,,Cantina,1.934,1.746,bt,,,MARIO,
70236,2023-10-28,Prosecco,Vini,magazzino,39.879,38.476,bt,,,ANNA,
70237,28/10/2023,Acqua nat 1L,Bevande,Bancone,101.35,101.35,pz,0.354,35.88,ANNA,ok
70238,28/10/2023,Olio EVO lt,Condimenti,Dispensa,3.259,3.264,l,8.3083,27.12,Luigi B.,
70239,28/10/2023,Sale fino,Condimenti,DISPENSA,6.796,7.125,kg,0.3689,2.63,MARIO,
70240,28/10/2023,Caffe miscela,,Cella Carne,7.785,8.048,kg,13.3535,107.47,MARIO,verificato
70241,28/11/2023,Filetto manzo,Carni,DISPENSA,8.041,8.49,kg,43.1187,366.08,,
70242,28/11/2023,Costata di manzo,Carni,Bancone,7.886,7.777,kg,26.016,202.33,operatore,
70243,28/11/2023,Pollo petto,Carni,Cella Pesce,4.676,,kg,9.0249,42.2,operatore,
70244,28/11/2023,BRANZINO,Pesce,magazzino,4.77,4.663,kg,,,ADM,ok
70245,28/11/2023,Salmone fresco,Pesce,Cella Pesce,2.11,2.11,kg,13.0101,27.45,ANNA,
70246,28/11/2023,Vongole,Pesce,Cella Carne,1.915,3.257,kg,9.8049,31.93,Luigi B.,rettifica inventariale
70247,28/11/2023,Porcini fr.,Funghi,magazzino,1.24,1.332,kg,50.0354,66.65,MARIO,
70248,28/11/2023,Pomodorini,Verdure,Bancone,1.534,,kg,320.0,490.88,ANNA,ok
70249,28/11/2023,Rucola,Verdure,Bancone,1.623,,kg,4.532,7.36,Luigi B.,verificato
70250,28/11/2023,Uova 30pz,,Bancone,1.968,1.968,cassa,8.5076,16.74,operatore,
70251,28/11/2023,Burrata,Latticini,magazzino,10.314,10.314,pz,2.8276,29.16,Luigi B.,ok
70252,28/11/2023,Parmigiano 24m,Latticini,Cella Pesce,9.045,9.045,kg,,,ADM,
70253,28/11/2023,Latte fresco 1L,Latticini,Bancone,23.355,23.355,l,1.2384,28.92,,ok
70254,28/11/2023,Panna fresca,Latticini,Surgelati,5.96,5.515,lt,2.3523,12.97,operatore,
70255,28/11/2023,Farina 00 kg,Secchi,cella 1,39.397,39.397,kg,0.9678,38.13,,
70256,28/11/2023,Riso Carnaroli,Secchi,Bar,4.584,5.108,kg,2.8269,14.44,Luigi B.,ok
70257,28/11/2023,Pasta tagliatelle,Secchi,Cella Carne,12.098,12.098,kg,2.2757,27.53,operatore,
70258,28/11/2023,Chianti DOCG bt,Vini,Cantina,10.337,10.612,bt,7.3622,78.13,operatore,ok
70259,28/11/2023,Tignanello,Vini,Surgelati,5.241,5.474,bt,70.0579,383.5,,
70260,28/11/2023,Prosecco,Vini,DISPENSA,7.98,9.57,bt,5.2902,50.63,operatore,da verificare
70261,28/11/2023,Acqua nat 1L,Bevande,Cantina,22.409,22.409,pz,0.3099,6.94,ANNA,
70262,28/11/2023,Olio EVO lt,Condimenti,DISPENSA,2.253,2.253,l,9.7725,22.02,MARIO,ok
70263,28/11/2023,Sale fino,Condimenti,magazzino,5.683,5.999,kg,0.3885,2.33,Luigi B.,
70264,28/11/2023,Caffe miscela,Bevande,magazzino,5.809,5.809,kg,14.5472,84.5,ADM,
70265,28/12/2023,Filetto manzo,Carni,cella 1,7.908,7.908,kg,41.8994,331.34,ADM,ok
70266,28/12/2023,Costata di manzo,Carni,Dispensa,3.164,3.164,kg,27.1509,85.91,mario.r,
70267,28/12/2023,Pollo petto,Carni,magazzino,6.691,6.691,kg,9.2068,61.6,operatore,
70268,28/12/2023,BRANZINO,Pesce,Cantina,3.661,,kg,18.3641,67.23,mario.r,
70269,28/12/2023,Salmone fresco,Pesce,cella 1,1.9,1.974,kg,14.8721,29.36,mario.r,
70270,28/12/2023,Vongole,Pesce,Surgelati,0.589,0.589,kg,10.0965,5.95,ADM,ok
70271,28/12/2023,Porcini fr.,Funghi,Cantina,0.338,0.338,kg,42.8016,14.47,operatore,
70272,28/12/2023,Pomodorini,Verdure,Bar,3.295,3.295,kg,3.2915,10.85,Luigi B.,
70273,28/12/2023,Rucola,Verdure,magazzino,0.443,,kg,4.144,1.84,operatore,
70274,28/12/2023,Uova 30pz,Latticini,Cella Pesce,11.303,16.054,cassa,8.9139,143.1,,scarico non registrato
70275,28/12/2023,Burrata,Latticini,cella 1,5.67,5.67,pz,2.8811,16.34,,
70276,28/12/2023,Parmigiano 24m,Latticini,Cella Pesce,9.566,9.566,kg,1650.0,15783.9,Luigi B.,verificato
70277,28/12/2023,Latte fresco 1L,Latticini,Bancone,19.209,11.66,l,1.0978,12.8,mario.r,furto/spreco
70278,28/12/2023,Panna fresca,Latticini,Cella Carne,11.402,11.409,lt,2.6238,29.93,ANNA,ok
70279,2023-12-28,Farina 00 kg,Secchi,Bar,42.85,42.85,kg,0.841,36.04,Luigi B.,
70280,28/12/2023,Riso Carnaroli,Secchi,Dispensa,4.458,4.43,kg,3.5635,15.79,MARIO,ok
70281,28/12/2023,Pasta tagliatelle,Secchi,magazzino,11.701,11.701,kg,,,operatore,
70282,28/12/2023,Chianti DOCG bt,Vini,Dispensa,45.676,45.676,bt,6.7113,306.55,,ok
70283,28/12/2023,Tignanello,Vini,Cantina,10.01,10.01,bt,76.7228,768.0,ANNA,verificato
70284,28/12/2023,Prosecco,Vini,magazzino,44.545,44.545,bt,4.2543,189.51,,
70285,28/12/2023,Acqua nat 1L,Bevande,Cella Carne,52.708,52.708,pz,0.3721,19.61,MARIO,ok
70286,28/12/2023,Olio EVO lt,Condimenti,Cella Carne,5.767,5.097,l,9.3389,47.6,,
70287,28/12/2023,Sale fino,,cella 1,4.803,4.803,kg,0.3907,1.88,mario.r,ok
70288,28/12/2023,Caffe miscela,Bevande,Bar,3.291,3.291,kg,0.14,0.46,ADM,
70289,28/01/2024,Filetto manzo,Carni,Bancone,5.709,5.709,kg,40.703,232.37,mario.r,
70290,28/01/2024,Costata di manzo,Carni,magazzino,7.854,7.854,kg,25.3298,198.94,ANNA,
70291,28/01/2024,Pollo petto,Carni,Bar,4.888,4.888,kg,8.6794,42.42,,
70292,28/01/2024,BRANZINO,Pesce,Surgelati,4.673,4.673,kg,16.0026,74.78,Luigi B.,
70293,28/01/2024,Salmone fresco,Pesce,cella 1,3.834,3.834,kg,14.5513,55.79,mario.r,ok
70294,28/01/2024,Vongole,Pesce,cella 1,0.956,1.018,kg,9.622,9.8,ANNA,
70295,28/01/2024,Porcini fr.,Funghi,magazzino,0.611,0.611,kg,43.1483,26.36,mario.r,
70296,28/01/2024,Pomodorini,Verdure,Bar,5.148,5.148,kg,3.4767,17.9,ADM,ok
70297,28/01/2024,Rucola,Verdure,cella 1,0.596,,kg,4.315,2.57,,
70298,28/01/2024,Uova 30pz,Latticini,Dispensa,9.581,9.581,cassa,8.3304,79.81,Luigi B.,
70299,28/01/2024,Burrata,Latticini,Bancone,29.593,29.593,pz,2.7768,82.17,,
70300,28/01/2024,Parmigiano 24m,Latticini,magazzino,6.435,6.473,kg,17.7277,114.75,MARIO,
70301,28/01/2024,Latte fresco 1L,Latticini,Cella Carne,8.948,8.948,l,1.0986,9.83,Luigi B.,ok
70302,28/01/2024,Panna fresca,Latticini,Dispensa,9.925,9.925,lt,2.48,24.61,MARIO,
70303,28/01/2024,Farina 00 kg,Secchi,Dispensa,18.471,29.38,kg,0.9232,27.12,,prodotto scaduto eliminato
70304,28/01/2024,Riso Carnaroli,Secchi,Surgelati,9.43,16.702,kg,3.0619,51.14,ADM,prodotto scaduto eliminato
70305,28/01/2024,Pasta tagliatelle,Secchi,Cella Pesce,1.747,1.862,kg,1.9734,3.67,ADM,
70306,2024-01-28,Chianti DOCG bt,Vini,Cantina,53.423,54.357,bt,6.9314,376.77,MARIO,
70307,28/01/2024,Tignanello,Vini,Surgelati,6.675,,bt,,,Luigi B.,
70308,28/01/2024,Prosecco,Vini,DISPENSA,11.342,11.97,bt,4.2882,51.33,ADM,
70309,28/01/2024,Acqua nat 1L,Bevande,Bar,94.906,98.641,pz,0.3805,37.53,Luigi B.,
70310,28/01/2024,Olio EVO lt,Condimenti,cella 1,6.394,6.394,l,8.4125,53.79,ADM,
70311,28/01/2024,Sale fino,Condimenti,cella 1,2.921,2.921,kg,0.369,1.08,operatore,
70312,28/01/2024,Caffe miscela,Bevande,Surgelati,9.532,,kg,13.2027,125.85,operatore,
70313,28/02/2024,Filetto manzo,Carni,Cantina,3.456,3.129,kg,42.2497,132.2,,
70314,28/02/2024,Costata di manzo,Carni,Cella Pesce,9.207,8.543,kg,30.4734,260.33,ANNA,ok
70315,28/02/2024,Pollo petto,Carni,Cella Carne,5.752,6.315,kg,8.8337,55.78,ANNA,
70316,28/02/2024,BRANZINO,Pesce,DISPENSA,1.677,1.677,kg,16.0771,26.96,mario.r,
70317,28/02/2024,Salmone fresco,Pesce,Cantina,4.79,4.79,kg,13.1546,63.01,ANNA,ok
70318,28/02/2024,Vongole,Pesce,Dispensa,0.804,0.804,kg,9.8109,7.89,MARIO,
70319,28/02/2024,Porcini fr.,Funghi,Cantina,1.371,1.371,kg,41.1082,56.36,ANNA,
70320,28/02/2024,Pomodorini,Verdure,Bancone,2.851,2.851,kg,0.03,0.09,,ok
70321,28/02/2024,Rucola,Verdure,Cantina,0.954,0.954,kg,,,mario.r,
70322,28/02/2024,Uova 30pz,Latticini,Bancone,12.433,13.28,cassa,8.4605,112.36,ANNA,
70323,28/02/2024,Burrata,Latticini,Cella Pesce,15.365,23.822,pz,2.9758,70.89,,scarico non registrato
70324,2024-02-28,Parmigiano 24m,Latticini,Cella Carne,3.644,3.427,kg,15.7783,54.07,Luigi B.,
70325,28/02/2024,Latte fresco 1L,Latticini,Bar,12.35,12.35,l,1.094,13.51,,
70326,28/02/2024,Panna fresca,Latticini,magazzino,7.521,7.521,lt,2.2772,17.13,Luigi B.,
70327,28/02/2024,Farina 00 kg,Secchi,Dispensa,25.726,25.726,kg,0.7996,20.57,ANNA,
70328,28/02/2024,Riso Carnaroli,Secchi,magazzino,9.601,9.601,kg,2.9562,28.38,,
70329,28/02/2024,Pasta tagliatelle,Secchi,Bancone,10.314,9.903,kg,2.1069,20.86,mario.r,
70330,28/02/2024,Chianti DOCG bt,Vini,cella 1,47.87,47.87,bt,7.3123,350.04,MARIO,verificato
70331,28/02/2024,Tignanello,Vini,Bar,14.125,14.549,bt,80.047,1164.6,ADM,
70332,28/02/2024,Prosecco,Vini,Bancone,26.613,26.613,bt,5.5195,146.89,Luigi B.,
70333,28/02/2024,Acqua nat 1L,Bevande,Surgelati,90.741,90.741,pz,0.331,30.04,ADM,
70334,28/02/2024,Olio EVO lt,Condimenti,Cella Carne,6.603,6.842,l,9.511,65.07,ANNA,verificato
70335,28/02/2024,Sale fino,Condimenti,Cella Carne,2.527,2.527,kg,0.4283,1.08,ANNA,
70336,28/02/2024,Caffe miscela,Bevande,Cella Carne,5.533,5.742,kg,15.2862,87.77,operatore,
70337,28/03/2024,Filetto manzo,Carni,Dispensa,1.787,,kg,35.5335,63.5,Luigi B.,
70338,28/03/2024,Costata di manzo,Carni,Cella Pesce,4.743,4.743,kg,31.4522,149.18,mario.r,verificato
70339,28/03/2024,Pollo petto,Carni,Dispensa,6.468,6.468,kg,9.3455,60.45,ANNA,
70340,28/03/2024,BRANZINO,Pesce,Bancone,1.513,,kg,16.0631,24.3,Luigi B.,
70341,28/03/2024,Salmone fresco,Pesce,Dispensa,3.843,3.843,kg,0.14,0.54,Luigi B.,
70342,28/03/2024,Vongole,Pesce,Cantina,3.701,3.701,kg,900.0,3330.9,,verificato
70343,28/03/2024,Porcini fr.,Funghi,DISPENSA,0.446,0.446,kg,45.1258,20.13,MARIO,
70344,2024-03-28,Pomodorini,Verdure,Cella Carne,7.138,7.613,kg,3.6218,27.57,mario.r,
70345,28/03/2024,Rucola,Verdure,Cella Pesce,0.327,0.327,kg,3.7895,1.24,mario.r,
70346,28/03/2024,Uova 30pz,Latticini,Bancone,5.649,,cassa,0.08,0.45,ANNA,
70347,28/03/2024,Burrata,Latticini,Cantina,3.613,,pz,2.9749,10.75,ADM,
70348,28/03/2024,Parmigiano 24m,Latticini,Cella Carne,6.259,6.259,kg,16.5929,103.85,,
70349,28/03/2024,Latte fresco 1L,Latticini,Dispensa,19.105,19.002,l,1.1592,22.03,Luigi B.,
70350,28/03/2024,Panna fresca,Latticini,Surgelati,10.328,10.328,lt,2.6807,27.69,Luigi B.,ok
70351,28/03/2024,Farina 00 kg,Secchi,cella 1,45.661,45.661,kg,0.9109,41.59,ADM,
70352,28/03/2024,Riso Carnaroli,Secchi,Bancone,2.807,2.807,kg,2.8976,8.13,,
70353,28/03/2024,Pasta tagliatelle,Secchi,magazzino,5.277,2.934,kg,1.8822,5.52,Luigi B.,da verificare
70354,28/03/2024,Chianti DOCG bt,Vini,Surgelati,10.977,,bt,7.3424,80.6,mario.r,ok
70355,28/03/2024,Tignanello,Vini,Surgelati,6.846,6.846,bt,78.8448,539.77,mario.r,
70356,28/03/2024,Prosecco,Vini,Cella Carne,39.662,38.22,bt,4.5651,174.48,mario.r,
70357,28/03/2024,Acqua nat 1L,Bevande,Bar,118.161,118.161,pz,0.3358,39.68,operatore,
70358,28/03/2024,Olio EVO lt,Condimenti,Bancone,10.253,10.253,l,,,ADM,
70359,28/03/2024,Sale fino,Condimenti,Dispensa,7.345,7.345,kg,0.452,3.32,ADM,
70360,28/03/2024,Caffe miscela,Bevande,Cella Pesce,7.329,7.329,kg,13.7544,100.81,Luigi B.,
70361,28/04/2024,Filetto manzo,Carni,cella 1,2.321,2.321,kg,38.0596,88.34,MARIO,ok
70362,28/04/2024,Costata di manzo,Carni,Cella Carne,5.254,5.254,kg,26.1803,137.55,MARIO,
70363,28/04/2024,Pollo petto,Carni,Dispensa,4.041,4.041,kg,7.9445,32.1,MARIO,
70364,28/04/2024,BRANZINO,Pesce,Bancone,4.324,4.324,kg,16.557,71.59,,ok
70365,28/04/2024,Salmone fresco,Pesce,Dispensa,6.519,6.519,kg,13.1873,85.97,MARIO,
70366,28/04/2024,Vongole,Pesce,Cella Pesce,3.145,3.145,kg,8.2421,25.92,Luigi B.,
70367,28/04/2024,Porcini fr.,Funghi,cella 1,0.69,0.729,kg,48.5669,35.41,MARIO,
70368,28/04/2024,Pomodorini,Verdure,Dispensa,6.004,6.004,kg,2.9792,17.89,ANNA,
70369,28/04/2024,Rucola,,cella 1,1.541,1.541,kg,4.0283,6.21,ANNA,verificato
70370,28/04/2024,Uova 30pz,Latticini,Cantina,4.962,8.233,cassa,9.4604,77.89,ANNA,rettifica inventariale
70371,28/04/2024,Burrata,Latticini,Cantina,25.756,25.445,pz,2.8004,71.26,mario.r,
70372,28/04/2024,Parmigiano 24m,Latticini,Bar,7.022,7.022,kg,16.7349,117.51,ANNA,verificato
70373,28/04/2024,Latte fresco 1L,Latticini,Cella Pesce,17.56,17.56,l,,,ADM,verificato
70374,28/04/2024,Panna fresca,Latticini,DISPENSA,5.646,,lt,2.4403,13.78,mario.r,ok
70375,28/04/2024,Farina 00 kg,Secchi,Cella Carne,11.288,11.288,kg,0.9488,10.71,mario.r,
70376,28/04/2024,Riso Carnaroli,Secchi,DISPENSA,12.126,5.478,kg,,,mario.r,furto/spreco
70377,28/04/2024,Pasta tagliatelle,Secchi,Bancone,8.317,,kg,2.3294,19.37,mario.r,
70378,28/04/2024,Chianti DOCG bt,Vini,Cella Carne,19.819,19.819,bt,5.943,117.78,Luigi B.,
70379,28/04/2024,Tignanello,Vini,Surgelati,2.622,2.622,bt,67.8338,177.86,ANNA,ok
70380,28/04/2024,Prosecco,Vini,Bancone,40.545,42.672,bt,4.4808,191.2,operatore,
70381,28/04/2024,Acqua nat 1L,Bevande,Bar,75.891,75.891,pz,0.3868,29.35,Luigi B.,ok
70382,28/04/2024,Olio EVO lt,Condimenti,Cella Carne,12.05,12.05,l,9.5178,114.69,,verificato
70383,28/04/2024,Sale fino,Condimenti,Cella Carne,5.977,6.214,kg,0.3804,2.36,operatore,
70384,28/04/2024,Caffe miscela,Bevande,Cella Carne,8.817,8.078,kg,15.4458,124.77,mario.r,
70385,28/05/2024,Filetto manzo,Carni,Cella Pesce,8.699,,kg,37.1896,323.51,ADM,
70386,28/05/2024,Costata di manzo,Carni,Bancone,5.821,5.821,kg,,,,
70387,28/05/2024,Pollo petto,Carni,Cantina,8.836,8.836,kg,8.5886,75.89,ANNA,ok
70388,28/05/2024,BRANZINO,Pesce,Cella Carne,2.415,2.415,kg,19.6828,47.53,operatore,
70389,28/05/2024,Salmone fresco,Pesce,Cantina,4.585,4.585,kg,13.9327,63.88,MARIO,
70390,28/05/2024,Vongole,Pesce,Bancone,3.265,3.097,kg,9.9662,30.87,ANNA,
70391,28/05/2024,Porcini fr.,Funghi,magazzino,1.975,1.975,kg,39.963,78.93,Luigi B.,ok
70392,28/05/2024,Pomodorini,Verdure,Surgelati,5.515,6.669,kg,3.438,22.93,Luigi B.,merce non consegnata
70393,28/05/2024,Rucola,Verdure,Cella Carne,2.01,2.01,kg,3.7969,7.63,,
70394,28/05/2024,Uova 30pz,Latticini,Cantina,7.282,9.276,cassa,8.7514,81.18,operatore,scarico non registrato
70395,28/05/2024,Burrata,Latticini,Cantina,16.942,16.942,pz,3.1396,53.19,ANNA,
70396,2024-05-28,Parmigiano 24m,Latticini,Cella Carne,7.934,7.934,kg,18.5277,147.0,mario.r,
70397,28/05/2024,Latte fresco 1L,Latticini,Bar,16.491,16.472,l,1.0778,17.75,operatore,
70398,28/05/2024,Panna fresca,Latticini,Dispensa,6.326,6.326,lt,2.7114,17.15,ANNA,verificato
70399,28/05/2024,Farina 00 kg,Secchi,Bar,46.58,42.957,kg,0.8951,38.45,Luigi B.,
70400,28/05/2024,Riso Carnaroli,Secchi,Cantina,17.202,17.202,kg,2.9643,50.99,,
70401,28/05/2024,Pasta tagliatelle,Secchi,Bancone,6.946,,kg,2.4019,16.68,operatore,
70402,28/05/2024,Chianti DOCG bt,Vini,Cantina,21.88,21.88,bt,6.8664,150.24,,
70403,28/05/2024,Tignanello,Vini,Cella Pesce,4.799,,bt,73.3846,352.17,mario.r,
70404,28/05/2024,Prosecco,Vini,Cella Pesce,42.309,44.471,bt,4.7768,212.43,mario.r,verificato
70405,28/05/2024,Acqua nat 1L,Bevande,Bancone,24.159,25.084,pz,0.3927,9.85,MARIO,
70406,28/05/2024,Olio EVO lt,Condimenti,Cella Pesce,4.571,4.696,l,8.6823,40.77,,
70407,28/05/2024,Sale fino,Condimenti,magazzino,1.457,1.457,kg,0.3584,0.52,,
70408,28/05/2024,Caffe miscela,Bevande,cella 1,6.089,6.265,kg,14.0861,88.25,mario.r,
70409,28/06/2024,Filetto manzo,Carni,Cella Carne,2.985,3.225,kg,39.6145,127.76,ANNA,
70410,28/06/2024,Costata di manzo,Carni,Bancone,12.034,12.034,kg,31.6692,381.11,ADM,
70411,28/06/2024,Pollo petto,Carni,Bancone,1.876,1.876,kg,7.8311,14.69,mario.r,ok
70412,28/06/2024,BRANZINO,Pesce,Dispensa,1.826,,kg,19.8368,36.22,ADM,
70413,28/06/2024,Salmone fresco,Pesce,cella 1,5.711,5.711,kg,15.6602,89.44,MARIO,
70414,28/06/2024,Vongole,Pesce,Cantina,0.768,,kg,9.6238,7.39,Luigi B.,
70415,28/06/2024,Porcini fr.,Funghi,Surgelati,1.15,1.15,kg,4500.0,5175.0,MARIO,
70416,28/06/2024,Pomodorini,Verdure,Bancone,5.985,5.985,kg,3.4991,20.94,,
70417,2024-06-28,Rucola,Verdure,Cella Carne,2.07,2.07,kg,4.0545,8.39,Luigi B.,ok
70418,28/06/2024,Uova 30pz,Latticini,Cella Carne,1.681,1.681,cassa,,,MARIO,
70419,28/06/2024,Burrata,Latticini,Surgelati,16.432,,pz,2.9053,47.74,ANNA,
70420,28/06/2024,Parmigiano 24m,Latticini,Surgelati,2.255,2.255,kg,18.9211,42.67,,verificato
70421,28/06/2024,Latte fresco 1L,Latticini,Cantina,16.677,16.677,l,1.1862,19.78,Luigi B.,verificato
70422,28/06/2024,Panna fresca,Latticini,Dispensa,10.832,12.583,lt,2.71,34.1,ADM,scarico non registrato
70423,28/06/2024,Farina 00 kg,Secchi,Dispensa,46.268,46.268,kg,0.9774,45.22,MARIO,
70424,28/06/2024,Riso Carnaroli,Secchi,Cantina,6.302,6.302,kg,320.0,2016.64,Luigi B.,
70425,28/06/2024,Pasta tagliatelle,Secchi,Bancone,6.485,6.792,kg,2.0882,14.18,Luigi B.,
70426,28/06/2024,Chianti DOCG bt,Vini,Cella Pesce,59.039,59.039,bt,5.9356,350.43,,ok
70427,28/06/2024,Tignanello,Vini,Dispensa,13.347,13.902,bt,81.1295,1127.86,,
70428,28/06/2024,Prosecco,Vini,DISPENSA,9.685,9.685,bt,4.8197,46.68,,
70429,28/06/2024,Acqua nat 1L,Bevande,cella 1,49.677,49.677,pz,0.3106,15.43,mario.r,ok
70430,28/06/2024,Olio EVO lt,Condimenti,Surgelati,8.486,9.024,l,9.7331,87.83,,verificato
70431,28/06/2024,Sale fino,Condimenti,Bancone,2.561,,kg,0.3858,0.99,Luigi B.,ok
70432,28/06/2024,Caffe miscela,Bevande,cella 1,6.978,7.046,kg,14.1683,99.83,,ok
70433,28/07/2024,Filetto manzo,Carni,Dispensa,8.271,8.495,kg,40.2737,342.13,MARIO,
70434,28/07/2024,Costata di manzo,Carni,Cella Carne,9.458,16.295,kg,30.5634,498.03,Luigi B.,da verificare
70435,28/07/2024,Pollo petto,Carni,cella 1,2.698,2.698,kg,7.7134,20.81,,
70436,28/07/2024,BRANZINO,Pesce,Cantina,3.313,3.15,kg,20.3452,64.09,Luigi B.,verificato
70437,28/07/2024,Salmone fresco,Pesce,Dispensa,1.745,,kg,13.7712,24.03,MARIO,
70438,28/07/2024,Vongole,,cella 1,3.376,3.376,kg,7.9862,26.96,mario.r,
70439,28/07/2024,Porcini fr.,Funghi,magazzino,1.378,1.378,kg,43.6766,60.19,operatore,
70440,28/07/2024,Pomodorini,Verdure,Surgelati,3.067,3.067,kg,3.1505,9.66,MARIO,
70441,28/07/2024,Rucola,Verdure,Cella Pesce,1.598,1.598,kg,0.04,0.06,MARIO,
70442,28/07/2024,Uova 30pz,Latticini,Cantina,8.76,8.76,cassa,8.9801,78.67,,
70443,28/07/2024,Burrata,,DISPENSA,3.731,3.731,pz,2.8658,10.69,mario.r,
70444,28/07/2024,Parmigiano 24m,Latticini,DISPENSA,7.93,7.93,kg,17.0692,135.36,ANNA,
70445,28/07/2024,Latte fresco 1L,Latticini,DISPENSA,20.066,20.066,l,1.1204,22.48,,
70446,28/07/2024,Panna fresca,Latticini,Dispensa,5.256,5.055,lt,2.571,13.0,operatore,ok
70447,28/07/2024,Farina 00 kg,Secchi,cella 1,17.177,17.177,kg,0.7841,13.47,,
70448,28/07/2024,Riso Carnaroli,,Bar,15.023,15.023,kg,3.3388,50.16,mario.r,
70449,28/07/2024,Pasta tagliatelle,Secchi,magazzino,10.591,10.591,kg,1.8951,20.07,MARIO,
70450,28/07/2024,Chianti DOCG bt,Vini,Bar,9.203,11.797,bt,6.7005,79.05,operatore,scarico non registrato
70451,28/07/2024,Tignanello,,Cantina,11.508,11.508,bt,83.7554,963.86,mario.r,ok
70452,28/07/2024,Prosecco,Vini,Cella Carne,17.434,17.481,bt,5.4845,95.87,mario.r,
70453,28/07/2024,Acqua nat 1L,Bevande,magazzino,75.939,75.939,pz,0.3707,28.15,ADM,
70454,28/07/2024,Olio EVO lt,Condimenti,magazzino,2.801,5.025,l,,,ADM,rettifica inventariale
70455,28/07/2024,Sale fino,Condimenti,Surgelati,2.771,1.828,kg,0.4541,0.83,operatore,rettifica inventariale
70456,28/07/2024,Caffe miscela,Bevande,Cella Carne,6.913,6.913,kg,,,MARIO,
70457,28/08/2024,Filetto manzo,Carni,cella 1,5.794,5.794,kg,41.3963,239.85,mario.r,
70458,28/08/2024,Costata di manzo,Carni,Bancone,9.629,,kg,25.6158,246.65,operatore,
70459,28/08/2024,Pollo petto,Carni,Cella Pesce,2.718,4.665,kg,8.0021,37.33,ADM,
70460,28/08/2024,BRANZINO,Pesce,cella 1,4.272,4.272,kg,16.6551,71.15,,ok
70461,28/08/2024,Salmone fresco,Pesce,cella 1,5.416,5.416,kg,14.8471,80.41,mario.r,
70462,28/08/2024,Vongole,Pesce,Surgelati,2.784,2.955,kg,9.0786,26.83,ANNA,
70463,28/08/2024,Porcini fr.,Funghi,DISPENSA,0.982,0.982,kg,46.6263,45.79,mario.r,
70464,28/08/2024,Pomodorini,Verdure,Dispensa,5.034,5.034,kg,0.03,0.15,operatore,
70465,28/08/2024,Rucola,Verdure,cella 1,1.796,1.796,kg,3.6623,6.58,operatore,
70466,28/08/2024,Uova 30pz,Latticini,DISPENSA,5.883,5.883,cassa,8.6445,50.86,ANNA,verificato
70467,28/08/2024,Burrata,Latticini,cella 1,25.512,24.534,pz,2.987,73.28,,
70468,28/08/2024,Parmigiano 24m,Latticini,Cantina,2.344,2.344,kg,15.3842,36.06,ANNA,ok
70469,28/08/2024,Latte fresco 1L,Latticini,Cella Carne,7.943,8.011,l,1.1575,9.27,ANNA,
70470,28/08/2024,Panna fresca,Latticini,DISPENSA,9.041,8.268,lt,240.0,1984.32,mario.r,ok
70471,28/08/2024,Farina 00 kg,Secchi,Bar,45.039,45.039,kg,0.9456,42.59,operatore,
70472,28/08/2024,Riso Carnaroli,Secchi,Cantina,12.74,13.185,kg,2.9788,39.28,mario.r,ok
70473,28/08/2024,Pasta tagliatelle,Secchi,Cella Pesce,2.047,2.047,kg,1.9237,3.94,Luigi B.,
70474,28/08/2024,Chianti DOCG bt,Vini,magazzino,9.019,9.019,bt,6.7798,61.15,ANNA,
70475,28/08/2024,Tignanello,Vini,Bancone,9.767,9.767,bt,80.2026,783.34,MARIO,
70476,28/08/2024,Prosecco,Vini,Surgelati,23.567,31.391,bt,4.4135,138.54,,errore conteggio
70477,28/08/2024,Acqua nat 1L,Bevande,DISPENSA,54.707,54.707,pz,0.3537,19.35,mario.r,
70478,28/08/2024,Olio EVO lt,Condimenti,magazzino,2.811,3.013,l,8.6625,26.1,Luigi B.,ok
70479,28/08/2024,Sale fino,,Surgelati,1.023,1.023,kg,0.4171,0.43,ADM,
70480,28/08/2024,Caffe miscela,Bevande,Cantina,8.555,7.845,kg,,,Luigi B.,
70481,28/09/2024,Filetto manzo,Carni,Bancone,6.994,6.994,kg,33.6363,235.25,Luigi B.,ok
70482,28/09/2024,Costata di manzo,Carni,Bancone,2.692,2.692,kg,29.9833,80.72,,
70483,28/09/2024,Pollo petto,Carni,Cella Carne,7.281,7.281,kg,8.8536,64.46,ADM,
70484,2024-09-28,BRANZINO,Pesce,cella 1,2.265,2.265,kg,20.0934,45.51,,
70485,28/09/2024,Salmone fresco,Pesce,cella 1,3.746,3.746,kg,14.2262,53.29,ADM,ok
70486,28/09/2024,Vongole,Pesce,Surgelati,3.114,3.114,kg,9.5841,29.84,ANNA,
70487,28/09/2024,Porcini fr.,Funghi,Dispensa,2.222,2.222,kg,40.7224,90.49,operatore,
70488,28/09/2024,Pomodorini,Verdure,DISPENSA,0.92,0.92,kg,3.2842,3.02,MARIO,ok
70489,28/09/2024,Rucola,Verdure,Cella Pesce,1.238,1.238,kg,,,ADM,ok
70490,28/09/2024,Uova 30pz,Latticini,magazzino,7.303,7.573,cassa,7.6258,57.75,MARIO,
70491,28/09/2024,Burrata,Latticini,Dispensa,9.268,9.268,pz,2.6677,24.72,operatore,ok
70492,28/09/2024,Parmigiano 24m,Latticini,Cella Carne,8.744,8.115,kg,16.9626,137.65,operatore,
70493,28/09/2024,Latte fresco 1L,Latticini,magazzino,21.138,21.138,l,1.2114,25.61,ADM,ok
70494,28/09/2024,Panna fresca,Latticini,Dispensa,11.28,11.28,lt,2.3697,26.73,MARIO,ok
70495,2024-09-28,Farina 00 kg,Secchi,Cantina,24.908,24.908,kg,0.8124,20.24,operatore,
70496,28/09/2024,Riso Carnaroli,Secchi,Bancone,15.881,15.881,kg,,,ANNA,
70497,28/09/2024,Pasta tagliatelle,Secchi,Cella Carne,4.148,4.148,kg,2.3108,9.59,,verificato
70498,28/09/2024,Chianti DOCG bt,Vini,Cella Pesce,54.122,48.725,bt,6.0829,296.39,ADM,verificato
70499,28/09/2024,Tignanello,Vini,Surgelati,8.608,9.363,bt,78.1152,731.39,operatore,ok
70500,28/09/2024,Prosecco,Vini,Bancone,6.937,3.997,bt,4.4391,17.74,MARIO,scarico non registrato
70501,28/09/2024,Acqua nat 1L,Bevande,Surgelati,97.515,,pz,0.392,38.23,ADM,
70502,28/09/2024,Olio EVO lt,Condimenti,Cantina,3.937,3.937,l,8.4238,33.16,mario.r,
70503,28/09/2024,Sale fino,Condimenti,Bancone,6.417,7.044,kg,0.4446,3.13,Luigi B.,
70504,28/09/2024,Caffe miscela,Bevande,Cella Carne,7.395,7.395,kg,,,ANNA,
70505,28/10/2024,Filetto manzo,Carni,Bar,5.768,8.425,kg,40.2007,338.69,,da verificare
70506,28/10/2024,Costata di manzo,Carni,Cella Carne,12.028,12.303,kg,30.0782,370.05,Luigi B.,
70507,28/10/2024,Pollo petto,Carni,Cella Carne,2.617,2.588,kg,7.8726,20.37,,
70508,28/10/2024,BRANZINO,Pesce,cella 1,2.297,2.297,kg,19.871,45.64,,
70509,28/10/2024,Salmone fresco,Pesce,Bancone,1.931,1.931,kg,15.5794,30.08,operatore,
70510,28/10/2024,Vongole,Pesce,cella 1,3.376,3.376,kg,9.8608,33.29,MARIO,
70511,28/10/2024,Porcini fr.,Funghi,Dispensa,1.071,1.066,kg,44.4201,47.35,operatore,ok
70512,28/10/2024,Pomodorini,Verdure,Cella Pesce,3.045,3.094,kg,3.2576,10.08,Luigi B.,
70513,28/10/2024,Rucola,Verdure,Bar,1.199,1.299,kg,3.6426,4.73,Luigi B.,
70514,28/10/2024,Uova 30pz,Latticini,magazzino,4.713,4.713,cassa,8.2968,39.1,MARIO,
70515,28/10/2024,Burrata,Latticini,Dispensa,6.307,6.577,pz,3.1099,20.45,MARIO,
70516,2024-10-28,Parmigiano 24m,Latticini,Bar,3.62,,kg,15.6808,56.76,mario.r,
70517,28/10/2024,Latte fresco 1L,Latticini,Bancone,22.566,22.566,l,1.2591,28.41,mario.r,
70518,28/10/2024,Panna fresca,Latticini,Bancone,9.007,9.007,lt,2.262,20.37,ADM,
70519,28/10/2024,Farina 00 kg,Secchi,magazzino,32.988,32.988,kg,0.9039,29.82,operatore,
70520,28/10/2024,Riso Carnaroli,Secchi,magazzino,3.577,3.577,kg,,,ADM,
70521,28/10/2024,Pasta tagliatelle,Secchi,Bancone,10.351,10.543,kg,2.0868,22.0,Luigi B.,
70522,28/10/2024,Chianti DOCG bt,Vini,Surgelati,22.029,22.029,bt,6.6099,145.61,ADM,
70523,2024-10-28,Tignanello,Vini,Cantina,2.213,2.213,bt,80.6763,178.54,MARIO,
70524,28/10/2024,Prosecco,Vini,Cella Pesce,30.429,30.429,bt,0.05,1.52,ADM,
70525,28/10/2024,Acqua nat 1L,Bevande,DISPENSA,115.448,115.448,pz,0.3989,46.05,ADM,verificato
70526,28/10/2024,Olio EVO lt,Condimenti,Surgelati,5.796,,l,8.6456,50.11,operatore,ok
70527,28/10/2024,Sale fino,Condimenti,magazzino,6.717,6.095,kg,,,MARIO,
70528,28/10/2024,Caffe miscela,Bevande,Bancone,8.166,8.166,kg,12.6509,103.31,MARIO,verificato
70529,28/11/2024,Filetto manzo,,Bar,6.872,,kg,43.4079,298.3,ADM,
70530,28/11/2024,Costata di manzo,Carni,Cantina,3.75,,kg,25.1385,94.27,MARIO,ok
70531,28/11/2024,Pollo petto,Carni,cella 1,7.851,7.853,kg,8.8948,69.85,,ok
70532,28/11/2024,BRANZINO,Pesce,Cella Pesce,2.934,3.582,kg,18.6089,66.66,,scarico non registrato
70533,28/11/2024,Salmone fresco,Pesce,Bar,5.411,5.411,kg,13.8406,74.89,mario.r,
70534,28/11/2024,Vongole,Pesce,Bar,3.117,3.117,kg,8.694,27.1,mario.r,ok
70535,28/11/2024,Porcini fr.,Funghi,Bancone,1.321,1.321,kg,46.8393,61.87,,ok
70536,28/11/2024,Pomodorini,Verdure,DISPENSA,1.867,1.867,kg,3.0581,5.71,mario.r,verificato
70537,28/11/2024,Rucola,Verdure,cella 1,1.574,1.574,kg,4.2536,6.7,ADM,
70538,28/11/2024,Uova 30pz,Latticini,DISPENSA,6.224,6.224,cassa,,,ADM,
70539,28/11/2024,Burrata,Latticini,Bar,3.788,3.788,pz,3.1971,12.11,MARIO,
70540,28/11/2024,Parmigiano 24m,Latticini,DISPENSA,8.427,8.427,kg,18.37,154.8,ANNA,
70541,28/11/2024,Latte fresco 1L,Latticini,Bancone,8.838,8.762,l,,,ADM,
70542,28/11/2024,Panna fresca,Latticini,Bancone,5.64,5.64,lt,2.2146,12.49,operatore,
70543,28/11/2024,Farina 00 kg,Secchi,Cella Carne,20.894,20.894,kg,0.872,18.22,mario.r,
70544,28/11/2024,Riso Carnaroli,Secchi,Bar,19.818,19.818,kg,3.1684,62.79,ADM,
70545,28/11/2024,Pasta tagliatelle,Secchi,Bar,6.434,6.434,kg,,,ADM,
70546,28/11/2024,Chianti DOCG bt,Vini,Dispensa,53.362,53.362,bt,6.08,324.44,operatore,ok
70547,28/11/2024,Tignanello,Vini,Bar,1.924,1.924,bt,73.886,142.16,mario.r,
70548,28/11/2024,Prosecco,Vini,Bancone,17.462,17.462,bt,5.4031,94.35,,ok
70549,28/11/2024,Acqua nat 1L,Bevande,Dispensa,112.325,112.325,pz,0.3938,44.23,mario.r,
70550,28/11/2024,Olio EVO lt,Condimenti,Bancone,9.107,9.107,l,9.1259,83.11,ADM,ok
70551,28/11/2024,Sale fino,Condimenti,Cantina,2.713,2.747,kg,0.4573,1.26,mario.r,
70552,28/11/2024,Caffe miscela,Bevande,Bar,4.918,4.918,kg,15.3367,75.43,MARIO,ok
70553,28/12/2024,Filetto manzo,Carni,DISPENSA,4.63,4.63,kg,37.5683,173.94,ANNA,
70554,28/12/2024,Costata di manzo,Carni,Cella Pesce,11.638,11.638,kg,30.59,356.01,Luigi B.,
70555,28/12/2024,Pollo petto,Carni,Surgelati,4.315,4.315,kg,9.5887,41.38,ANNA,verificato
70556,28/12/2024,BRANZINO,Pesce,Bar,0.778,1.111,kg,17.1484,19.05,ANNA,errore conteggio
70557,28/12/2024,Salmone fresco,Pesce,DISPENSA,3.519,3.132,kg,15.4179,48.29,ADM,
70558,28/12/2024,Vongole,Pesce,magazzino,3.489,3.304,kg,,,ANNA,
70559,28/12/2024,Porcini fr.,Funghi,DISPENSA,1.661,1.535,kg,51.5433,79.12,ANNA,
70560,28/12/2024,Pomodorini,Verdure,Bar,6.372,6.372,kg,3.3819,21.55,ANNA,
70561,28/12/2024,Rucola,Verdure,cella 1,0.573,0.573,kg,4.1375,2.37,ADM,
70562,28/12/2024,Uova 30pz,Latticini,Cella Carne,5.814,5.814,cassa,8.2335,47.87,,
70563,28/12/2024,Burrata,Latticini,Bar,24.325,17.209,pz,2.8554,49.14,mario.r,errore conteggio
70564,28/12/2024,Parmigiano 24m,Latticini,DISPENSA,2.125,2.125,kg,14.8918,31.65,ADM,
70565,28/12/2024,Latte fresco 1L,Latticini,Bancone,12.634,12.634,l,1.1884,15.01,ANNA,
70566,28/12/2024,Panna fresca,Latticini,Bancone,11.761,11.467,lt,2.5201,28.9,mario.r,
70567,28/12/2024,Farina 00 kg,Secchi,Bar,27.022,28.761,kg,0.7812,22.47,operatore,
70568,28/12/2024,Riso Carnaroli,Secchi,magazzino,9.264,9.264,kg,3.272,30.31,,
70569,28/12/2024,Pasta tagliatelle,Secchi,Cantina,9.053,9.855,kg,1.9801,19.51,ANNA,
70570,28/12/2024,Chianti DOCG bt,Vini,Cella Carne,51.184,51.184,bt,7.0381,360.24,,verificato
70571,28/12/2024,Tignanello,Vini,Cella Pesce,8.678,8.678,bt,82.1032,712.49,MARIO,
70572,28/12/2024,Prosecco,Vini,Bancone,28.914,28.914,bt,4.6665,134.93,mario.r,ok
70573,28/12/2024,Acqua nat 1L,Bevande,Cella Pesce,109.145,109.145,pz,0.3592,39.2,mario.r,ok
70574,28/12/2024,Olio EVO lt,Condimenti,Bancone,6.698,6.698,l,8.3502,55.93,MARIO,
70575,28/12/2024,Sale fino,Condimenti,magazzino,2.687,2.666,kg,0.3734,1.0,mario.r,
70576,28/12/2024,Caffe miscela,Bevande,Surgelati,5.492,5.933,kg,12.6453,75.02,ADM,
